{"cameraMode":{"drawMode":0,"name":"Shaded","section":"Shading Mode"},"sceneLighting":false,"audioPlay":false,"sceneViewState":{"showFog":true,"showMaterialUpdate":true,"showSkybox":false,"showFlares":true,"showImageEffects":true,"showParticleSystems":true},"in2DMode":false,"pivot":{"x":-0.006518363952636719,"y":0.9283778667449951,"z":0.1556774377822876},"rotation":{"x":-0.19015829265117646,"y":-0.617540180683136,"z":0.15722282230854035,"w":-0.7468503713607788},"size":3.7717769145965578,"orthographic":false}