{"cameraMode":{"drawMode":0,"name":"Shaded","section":"Shading Mode"},"sceneLighting":true,"audioPlay":false,"sceneViewState":{"showFog":true,"showMaterialUpdate":true,"showSkybox":true,"showFlares":true,"showImageEffects":true,"showParticleSystems":true},"in2DMode":false,"pivot":{"x":2.518397331237793,"y":2.1871814727783205,"z":-1.2583019733428956},"rotation":{"x":-0.1875647008419037,"y":0.559680163860321,"z":-0.13181860744953156,"w":-0.796367883682251},"size":4.7565693855285648,"orthographic":false}