{"cameraMode":{"drawMode":0,"name":"Shaded","section":"Shading Mode"},"sceneLighting":false,"audioPlay":false,"sceneViewState":{"showFog":true,"showMaterialUpdate":true,"showSkybox":false,"showFlares":true,"showImageEffects":true,"showParticleSystems":true},"in2DMode":false,"pivot":{"x":-0.6370820999145508,"y":0.3719186782836914,"z":-2.6057679653167726},"rotation":{"x":-0.1875647008419037,"y":0.559680163860321,"z":-0.13181860744953156,"w":-0.796367883682251},"size":5.861928939819336,"orthographic":false}